UmpireID,UmpireName
1,CB Gaffaney
2,J Madanagopal
3,BNJ Oxenford
4,AK Chaudhary
5,Nitin Menon
6,KN Ananthapadmanabhan
7,R Pandit
8,GR Sadashiv Iyer
9,PG Pathak
10,Chirra Ravikanthreddy
11,NA Patwardhan
12,Navdeep Singh
13,HAS Khalid
14,MA Gough
15,M Erasmus
16,RJ Tucker
17,Tapan Sharma
18,K Srinivasan
19,S Ravi
20,AY Dandekar
21,RK Illingworth
22,C Shamshuddin
23,PR Reiffel
24,YC Barde
25,UV Gandhe
26,VK Sharma
27,VA Kulkarni
28,IJ Gould
29,NJ Llong
30,A Nand Kishore
31,CK Nandan
32,HDPK Dharmasena
33,A Deshmukh
34,K Bharatan
35,RM Deshpande
36,JD Cloete
37,SD Fry
38,K Srinath
39,SS Hazare
40,Aleem Dar
41,BF Bowden
42,Asad Rauf
43,S Das
44,S Asnani
45,BR Doctrove
46,SK Tarapore
47,K Hariharan
48,RE Koertzen
49,AM Saheba
50,BG Jerling
51,IL Howell
52,SJA Taufel
53,DJ Harper
54,GAV Baxter
55,SL Shastri
56,MR Benson
57,SJ Davis
58,AV Jayaprakash
59,N Pandit
60,Subroto Das
61,RB Tiffin
62,AL Hill
63,TH Wijewardene
64,SD Ranade
65,I Shivram
66,GA Pratapkumar
